{"cameraMode":{"drawMode":0,"name":"Shaded","section":"Shading Mode"},"sceneLighting":false,"audioPlay":false,"sceneViewState":{"showFog":true,"showMaterialUpdate":false,"showSkybox":false,"showFlares":true,"showImageEffects":true,"showParticleSystems":true},"in2DMode":false,"pivot":{"x":-15.257349014282227,"y":2.653933525085449,"z":0.529525876045227},"rotation":{"x":0.06886731833219528,"y":0.689064621925354,"z":-0.06541351974010468,"w":0.7187236547470093},"size":2.8578836917877199,"orthographic":false}