{"cameraMode":{"drawMode":0,"name":"Shaded","section":"Shading Mode"},"sceneLighting":false,"audioPlay":false,"sceneViewState":{"showFog":true,"showMaterialUpdate":false,"showSkybox":false,"showFlares":true,"showImageEffects":true,"showParticleSystems":true},"in2DMode":false,"pivot":{"x":-0.015035629272460938,"y":2.244739532470703,"z":0.013158798217773438},"rotation":{"x":-0.11375825107097626,"y":-0.23908062279224397,"z":0.0276445634663105,"w":-0.9642102122306824},"size":120.0311279296875,"orthographic":false}