{"cameraMode":{"drawMode":0,"name":"Shaded","section":"Shading Mode"},"sceneLighting":false,"audioPlay":false,"sceneViewState":{"showFog":true,"showMaterialUpdate":false,"showSkybox":true,"showFlares":true,"showImageEffects":true,"showParticleSystems":true},"in2DMode":false,"pivot":{"x":-283.0049133300781,"y":224.65994262695313,"z":-1086.226318359375},"rotation":{"x":0.09625721722841263,"y":0.6778061985969544,"z":-0.08981716632843018,"w":0.7237023115158081},"size":37.0858154296875,"orthographic":false}