{"cameraMode":{"drawMode":0,"name":"Shaded","section":"Shading Mode"},"sceneLighting":false,"audioPlay":false,"sceneViewState":{"showFog":true,"showMaterialUpdate":false,"showSkybox":true,"showFlares":true,"showImageEffects":true,"showParticleSystems":true},"in2DMode":false,"pivot":{"x":10.183403015136719,"y":32.05531311035156,"z":63.39299774169922},"rotation":{"x":0.035385262221097949,"y":0.8393968343734741,"z":-0.05424746870994568,"w":0.5398707985877991},"size":1.8255176544189454,"orthographic":false}