{"cameraMode":{"drawMode":0,"name":"Shaded","section":"Shading Mode"},"sceneLighting":false,"audioPlay":false,"sceneViewState":{"showFog":true,"showMaterialUpdate":false,"showSkybox":true,"showFlares":true,"showImageEffects":true,"showParticleSystems":true},"in2DMode":false,"pivot":{"x":17.694395065307618,"y":45.703617095947269,"z":297.6163330078125},"rotation":{"x":0.06382687389850617,"y":-0.02714262530207634,"z":-0.0021783835254609586,"w":-0.997764527797699},"size":12.230770111083985,"orthographic":false}