{"cameraMode":{"drawMode":0,"name":"Shaded","section":"Shading Mode"},"sceneLighting":false,"audioPlay":false,"sceneViewState":{"showFog":true,"showMaterialUpdate":false,"showSkybox":true,"showFlares":true,"showImageEffects":true,"showParticleSystems":true},"in2DMode":false,"pivot":{"x":-161.7734832763672,"y":25.489185333251954,"z":783.01171875},"rotation":{"x":-0.2155158817768097,"y":-0.20920364558696748,"z":0.04680752754211426,"w":-0.9529780149459839},"size":11.450292587280274,"orthographic":false}