{"cameraMode":{"drawMode":0,"name":"Shaded","section":"Shading Mode"},"sceneLighting":false,"audioPlay":false,"sceneViewState":{"showFog":true,"showMaterialUpdate":false,"showSkybox":false,"showFlares":true,"showImageEffects":true,"showParticleSystems":true},"in2DMode":false,"pivot":{"x":-0.030071258544921876,"y":0.03128623962402344,"z":0.026317596435546876},"rotation":{"x":-0.11375825107097626,"y":-0.23908062279224397,"z":0.0276445634663105,"w":-0.9642102122306824},"size":120.0311279296875,"orthographic":false}