{"cameraMode":{"drawMode":0,"name":"Shaded","section":"Shading Mode"},"sceneLighting":false,"audioPlay":false,"sceneViewState":{"showFog":true,"showMaterialUpdate":false,"showSkybox":true,"showFlares":true,"showImageEffects":true,"showParticleSystems":true},"in2DMode":false,"pivot":{"x":0.5518221259117127,"y":-1.1642673015594483,"z":3.69207501411438},"rotation":{"x":0.23745141923427583,"y":0.558224618434906,"z":-0.1701885163784027,"w":0.7768109440803528},"size":16.444429397583009,"orthographic":false}