{"cameraMode":{"drawMode":0,"name":"Shaded","section":"Shading Mode"},"sceneLighting":false,"audioPlay":false,"sceneViewState":{"showFog":true,"showMaterialUpdate":false,"showSkybox":false,"showFlares":true,"showImageEffects":true,"showParticleSystems":true},"in2DMode":false,"pivot":{"x":0.0,"y":-0.09811365604400635,"z":-0.3187938332557678},"rotation":{"x":0.11597329378128052,"y":0.7653009295463562,"z":-0.14335405826568604,"w":0.6171187162399292},"size":4.850405693054199,"orthographic":false}