{"cameraMode":{"drawMode":0,"name":"Shaded","section":"Shading Mode"},"sceneLighting":false,"audioPlay":false,"sceneViewState":{"showFog":true,"showMaterialUpdate":false,"showSkybox":true,"showFlares":true,"showImageEffects":true,"showParticleSystems":true},"in2DMode":false,"pivot":{"x":63.8126106262207,"y":50.736141204833987,"z":674.56689453125},"rotation":{"x":0.04149211198091507,"y":-0.906528115272522,"z":0.4101046323776245,"w":0.09258203208446503},"size":50.19788360595703,"orthographic":false}