{"cameraMode":{"drawMode":0,"name":"Shaded","section":"Shading Mode"},"sceneLighting":false,"audioPlay":false,"sceneViewState":{"showFog":true,"showMaterialUpdate":false,"showSkybox":true,"showFlares":true,"showImageEffects":true,"showParticleSystems":true},"in2DMode":false,"pivot":{"x":-17.390701293945314,"y":12.549649238586426,"z":-7.387853622436523},"rotation":{"x":0.23710954189300538,"y":0.5833322405815125,"z":-0.1826600432395935,"w":0.7553369998931885},"size":16.444429397583009,"orthographic":false}