{"cameraMode":{"drawMode":0,"name":"Shaded","section":"Shading Mode"},"sceneLighting":false,"audioPlay":false,"sceneViewState":{"showFog":true,"showMaterialUpdate":false,"showSkybox":true,"showFlares":true,"showImageEffects":true,"showParticleSystems":true},"in2DMode":false,"pivot":{"x":-186.48733520507813,"y":29.37196922302246,"z":-28.932918548583986},"rotation":{"x":0.014977696351706982,"y":0.9734545946121216,"z":-0.06455954909324646,"w":0.22034427523612977},"size":11.450292587280274,"orthographic":false}