{"cameraMode":{"drawMode":0,"name":"Shaded","section":"Shading Mode"},"sceneLighting":false,"audioPlay":false,"sceneViewState":{"showFog":true,"showMaterialUpdate":false,"showSkybox":true,"showFlares":true,"showImageEffects":true,"showParticleSystems":true},"in2DMode":false,"pivot":{"x":-431.6024475097656,"y":254.47402954101563,"z":-527.4749755859375},"rotation":{"x":-0.03795608505606651,"y":-0.8623552918434143,"z":0.06359710544347763,"w":-0.5014578104019165},"size":22.0,"orthographic":false}