{"cameraMode":{"drawMode":0,"name":"Shaded","section":"Shading Mode"},"sceneLighting":false,"audioPlay":false,"sceneViewState":{"showFog":true,"showMaterialUpdate":false,"showSkybox":true,"showFlares":true,"showImageEffects":true,"showParticleSystems":true},"in2DMode":false,"pivot":{"x":-54.37096405029297,"y":-37.180145263671878,"z":672.6741943359375},"rotation":{"x":-0.5176935195922852,"y":0.4326263964176178,"z":-0.3434574604034424,"w":-0.6536377668380737},"size":504.7786865234375,"orthographic":false}