{"cameraMode":{"drawMode":0,"name":"Shaded","section":"Shading Mode"},"sceneLighting":false,"audioPlay":false,"sceneViewState":{"showFog":true,"showMaterialUpdate":false,"showSkybox":false,"showFlares":true,"showImageEffects":true,"showParticleSystems":true},"in2DMode":false,"pivot":{"x":1.2698287963867188,"y":-0.17654550075531007,"z":-0.42464274168014529},"rotation":{"x":0.044457536190748218,"y":0.6990941762924194,"z":-0.04290083423256874,"w":0.712650716304779},"size":4.825516700744629,"orthographic":false}