{"cameraMode":{"drawMode":0,"name":"Shaded","section":"Shading Mode"},"sceneLighting":false,"audioPlay":false,"sceneViewState":{"showFog":true,"showMaterialUpdate":false,"showSkybox":false,"showFlares":true,"showImageEffects":true,"showParticleSystems":true},"in2DMode":false,"pivot":{"x":-0.03007030487060547,"y":0.031286001205444339,"z":0.026317596435546876},"rotation":{"x":-0.11375825107097626,"y":-0.23908062279224397,"z":0.0276445634663105,"w":-0.9642102122306824},"size":22.0,"orthographic":false}