{"cameraMode":{"drawMode":0,"name":"Shaded","section":"Shading Mode"},"sceneLighting":false,"audioPlay":false,"sceneViewState":{"showFog":true,"showMaterialUpdate":false,"showSkybox":false,"showFlares":true,"showImageEffects":true,"showParticleSystems":true},"in2DMode":false,"pivot":{"x":0.0,"y":0.7995381355285645,"z":1.4622611999511719},"rotation":{"x":0.23219037055969239,"y":0.5449721813201904,"z":-0.15967385470867158,"w":0.7899317741394043},"size":34.22969055175781,"orthographic":false}