{"cameraMode":{"drawMode":0,"name":"Shaded","section":"Shading Mode"},"sceneLighting":false,"audioPlay":false,"sceneViewState":{"showFog":true,"showMaterialUpdate":false,"showSkybox":true,"showFlares":true,"showImageEffects":true,"showParticleSystems":true},"in2DMode":false,"pivot":{"x":-997.206787109375,"y":-362.0141296386719,"z":-923.2003173828125},"rotation":{"x":-0.14168477058410645,"y":0.569543182849884,"z":-0.10058476030826569,"w":-0.8036788105964661},"size":1485.022705078125,"orthographic":false}